url_origine,url_finale
http://ecometer.org/,https://www.thulatula.com/
http://olegoaer.perso.univ-pau.fr/android-energy-smells/,https://olegoaer.perso.univ-pau.fr/android-energy-smells/
http://powersupplycalculator.net,https://powersupplycalculator.net/
http://www.brendangregg.com/ebpf.html,https://www.brendangregg.com/ebpf.html
http://www.datasciencepublicpolicy.org/projects/aequitas/,https://datasciencepublicpolicy.org/our-work/tools-guides/aequitas/
http://www.ecoindex.fr/,https://www.ecoindex.fr/
http://www.ecometer.org/,https://www.thulatula.com/
http://www.france-grilles.fr/wp-content/uploads/2018/04/ModeleSMP_PRESOFTV3.2.pdf,https://www.france-grilles.fr/wp-content/uploads/2018/04/ModeleSMP_PRESOFTV3.2.pdf
https://aguaro.io/fr,https://www.aguaro.io/fr/
https://appsource.microsoft.com/en-us/product/power-bi/coi-sustainability.emissions_impact_dashboard,https://marketplace.microsoft.com/en-us/product/power-bi/coi-sustainability.emissions_impact_dashboard
https://aws.amazon.com/fr/codeguru/,https://aws.amazon.com/codeguru/profiler/
https://cdn2.hubspot.net/hubfs/6362597/Oppaat%20EN/Planet%20Centric%20Design%20toolkit%20-%2025.11.2019.pdf,https://6362597.fs1.hubspotusercontent-eu1.net/hubfs/6362597/Oppaat%20EN/Planet%20Centric%20Design%20toolkit%20-%2025.11.2019.pdf
https://checklists.opquast.com/fr/qualiteweb/,https://checklists.opquast.com/fr/qualite-numerique/
https://chrome.google.com/webstore/detail/axe-web-accessibility-tes/lhdoppojpmngadmnindnejefpokejbdd,https://chromewebstore.google.com/detail/axe-devtools-web-accessib/lhdoppojpmngadmnindnejefpokejbdd?ucbcb=1
https://contrast-ratio.com/,https://www.siegemedia.com/contrast-ratio
https://dataschool.nl/deda/,https://dataschool.nl/tools/deda/
https://developer.mozilla.org/fr/docs/Web/Accessibility/Mobile_accessibility_checklist,https://developer.mozilla.org/fr/docs/Web/Accessibility/Guides/Mobile_accessibility_checklist
https://developers.google.com/speed/pagespeed/insights/,https://pagespeed.web.dev/?utm_source=psi&utm_medium=redirect
https://developers.google.com/web/tools/lighthouse/,https://developer.chrome.com/docs/lighthouse/overview/
https://docs.microsoft.com/fr-fr/learn/modules/sustainable-software-engineering-overview/,https://learn.microsoft.com/fr-fr/learn/modules/sustainable-software-engineering-overview/
https://ec.europa.eu/social/main.jsp?catId=1202,https://commission.europa.eu/strategy-and-policy/policies/justice-and-fundamental-rights/disability/european-accessibility-act-eaa_en
https://ecoconception.arneogroup.com/,https://arneo.io/fr/ecoconception-allier-performance-frugalite
https://ethicalos.org,https://www.iftf.org/projects/a-playbook-for-ethical-tech-governance/
https://fr.coursera.org/learn/ecologie-politique,https://www.coursera.org/learn/ecologie-politique
https://github.com/alan-turing-institute/the-turing-way,https://github.com/the-turing-way/the-turing-way
https://github.com/attdevsupport/VideoOptimzer,https://github.com/attdevsupport/VideoOptimizer
https://github.com/empreinte-digitale/assistant-rgaa/blob/master/README.md,https://github.com/boscop-fr/assistant-rgaa/blob/main/README.md
https://github.com/green-code-initiative/ecoCode-javascript,https://github.com/green-code-initiative/creedengo-javascript
https://github.com/kylemcdonald/ethereum-energy,https://github.com/kylemcdonald/ethereum-emissions
https://github.com/lfwa/carbontracker,https://github.com/saintslab/carbontracker
https://github.com/lowwebtech/low-web-extension,https://github.com/vicocotea/low-web-extension
https://github.com/openeemeter/eemeter,https://github.com/opendsm/opendsm
https://greenit-switzerland.ch/app/dca/de/evaluation-cc?lang=fr,https://greenit-switzerland.ch/de/evaluation-cc/?lang=fr
https://greenit-switzerland.ch/app/mc-dc/de/cc-mesures?lang=fr,https://greenit-switzerland.ch/de/cc-mesures/?lang=fr
https://greenit-switzerland.ch/app/mc-general/de/catalogue-de-mesures?lang=fr,https://greenit-switzerland.ch/de/catalogue-de-mesures/?lang=fr
https://institutnr.org/calculatrice/impact-environnemental-numerique-inr.html,https://myimpact.isit-europe.org/
https://librairie.ademe.fr/consommer-autrement/5225-ecoresponsable-au-bureau-9791029718960.html,https://librairie.ademe.fr/consommer-autrement/8402-comment-etre-ecoresponsable-au-bureau--9791029725074.html
https://linc.cnil.fr/fr/cookieviz-une-dataviz-en-temps-reel-du-tracking-de-votre-navigation,https://linc.cnil.fr/cookieviz-une-dataviz-en-temps-reel-du-tracking-de-votre-navigation
https://monconvertisseurco2.fr/?co2=15,https://impactco2.fr/outils/comparateur
https://pattern-library.dequelabs.com/,https://cauldron.dequelabs.com/
https://patterns.greensoftware.foundation/catalog/cloud/delete-unused-storage-resources,https://patterns.greensoftware.foundation/catalog/cloud/delete-unused-storage-resources/
https://search.google.com/test/amp?hl=fr#,https://search.google.com/test/amp?hl=fr
https://theshiftproject.org/article/deployer-la-sobriete-numerique-rapport-shift/,https://theshiftproject.org/publications/deployer-sobriete-numerique/
https://theshiftproject.org/carbonalyser-extension-navigateur/,https://theshiftproject.org/publications/carbonalyser/
https://theshiftproject.org/wp-content/uploads/2019/10/Lean-ICT-Materials-Liens-%C3%A0-t%C3%A9l%C3%A9charger-r%C3%A9par%C3%A9-le-29-10-2019.pdf,https://theshiftproject.org/app/uploads/2025/02/Lean-ICT-Materials-Liens-a-telecharger-repare-le-29-10-2019.pdf
https://theshiftproject.org/wp-content/uploads/2022/01/PTEF-Decarboner-lindustrie-SYNTHESE.pdf,https://theshiftproject.org/app/uploads/2025/01/PTEF-Decarboner-lindustrie-SYNTHESE.pdf
https://wiki.institutnr.org,https://fr.wiki.isit-europe.org/nr/Accueil
https://www.alldup.de/en_download_alldup.php,https://alldup.de/en/alldup/download.php
https://www.avolin.com/products/it-management-cloud-solutions/verdiem/,https://ignitetech.ai:443/software-library/verdiem/
https://www.bpifrance-universite.fr/formations/responsabilite-societale-des-entreprises/eco-concevoir-vos-produits-et-services-pour-entrer-dans-lere-de-leconomie-circulaire/,https://www.bpifrance-universite.fr/formation/eco-concevoir-vos-produits-et-services-pour-entrer-dans-lere-de-leconomie-circulaire/
https://www.bpifrance-universite.fr/formations/responsabilite-societale-des-entreprises/les-odd-cest-pas-complique-tpe-pme-osez-la-rse-pour-une-croissance-durable/,https://www.bpifrance-universite.fr/formation/les-odd-cest-pas-complique-tpe-pme-osez-la-rse-pour-une-croissance-durable/
https://www.cnil.fr/fr/la-cnil-lance-sa-formation-en-ligne-sur-le-rgpd-ouverte-tous,https://www.cnil.fr/fr/comprendre-le-rgpd/le-mooc-de-la-cnil
https://www.dareboost.com,https://www.dareboost.com/en
https://www.dropbox.com/s/bp7xrr7evtqfard/Device%20CO2%20Calculator%20V4.xlsx#,https://www.dropbox.com/s/bp7xrr7evtqfard/Device%20CO2%20Calculator%20V4.xlsx
https://www.ecocode.io/,https://ecocode.io/
https://www.edx.org/course/web-accessibility-introduction,https://www.edx.org/learn/web-accessibility/the-world-wide-web-consortium-w3c-introduction-to-web-accessibility
https://www.electricitymap.org/map,https://app.electricitymaps.com/map/live/fifteen_minutes
https://www.enviroscore.fr/,https://enviroscore.fr/
https://www.fresquedelapublicite.org/,https://www.karlsbadtravel.cz/
https://www.fruggr.io/,https://www.fruggr.io/fr/
https://www.ifu.com/en/umberto/lca-software/,https://www.ipoint-systems.com/software/umberto/
https://www.leslivresblancs.fr/editeur/sup-de-com,https://leslivresblancs.fr/editeur/sup-de-com
https://www.lisio.fr/,https://lisio.fr/
https://www.microsoft.com/design/inclusive/,https://inclusive.microsoft.design/
https://www.microsoft.com/en-us/sustainability/sustainability-guide/sustainability-calculator?activetab=pivot_1:primaryr2,https://www.microsoft.com/en-us/corporate-responsibility/sustainability
https://www.numerique.gouv.fr/publications/rgaa-accessibilite/,https://www.numerique.gouv.fr/offre-accompagnement/reference-accessibilite-rgaa/
https://www.oneclicklca.com/,https://oneclicklca.com/
https://www.qqf.fr/infographie/90/changement-climatique-il-y-a-urgence-a-s-adapter,https://archives.qqf.fr/infographie/90/changement-climatique-il-y-a-urgence-a-s-adapter
https://www.rte-france.com/eco2mix,https://www.rte-france.com/donnees-publications/eco2mix-donnees-temps-reel
https://www.sobriete-editoriale.fr/decouvrir-la-sobriete-editoriale/,https://www.sobriete-editoriale.fr/ressources-sobriete-editoriale/comprendre-la-sobriete-editoriale/
https://www.solidarite-numerique.fr/,https://lesbases.anct.gouv.fr/bases/solidarite-numerique
https://www.thinkwithgoogle.com/feature/testmysite/,https://business.google.com/en-all/think/future-of-marketing/mobile-tools-to-optimize-site-and-app/?ucbcb=1
https://www.tinypng.com,https://tinypng.com/
https://www.tpgi.com/color-contrast-checker/,https://vispero.com/lp/color-contrast-checker/
https://www.watttime.org/explorer/#4/46.89/1.72,https://watttime.org/docs-dev/coverage-map/
https://www.youtube.com/playlist?list=PLVVOLHF0dCQjfYKJIxpabFTB9iXq1G2LC,https://www.youtube.com/playlist?list=PLVVOLHF0dCQjfYKJIxpabFTB9iXq1G2LC&cbrd=1&ucbcb=1
https://zenodo.org/record/2159713#.YT557C8ivZk,https://zenodo.org/records/2159713
